{"timestamp":"2024-10-25T00:00:00Z","pcb_temp_c":27.949999999999999,"battery_temp_c":31.77,"battery_raw":35,"fram_bytes":2048,"gyro":{"x":-0.070000000000000007,"y":0.089999999999999997,"z":-0.050000000000000003},"accelerometer":{"x":0.19,"y":0.089999999999999997,"z":9.6400000000000006}}